Sample Number,YSCG,Error (2s)
KZ1,161.8595024,1.825487825
KZ6,164.8132123,3.137299121
