Age,Ehf
166.4,4.23739103
167.3,2.414890935
166.1,4.212537464
173.4,1.436581385
166.1,4.607300953
167.3,3.223212163
167.8,5.527066919
165.2,4.174203022
173.4,2.070758964
165,2.454567382
169.7,4.495866487
190.6,1.067269411
198.2,2.325498363
304,-1.610692541
344.5,7.907637832
797.2,-8.784322336
